Rating,Date,Review
5,"Jul, 2022",allrounder processor best thing editing gaming streaming must recommended
5,"May, 2022",thank
5,"Mar, 2023",one best processor under price range purchased f k opinion one best intel processor price point
5,"Jan, 2023",awesome product
5,"Dec, 2022",superb better x
5,7 months ago,good processor priceusing asus h e duse external air coolerstock cooler not good
5,"Jan, 2023",product good packaging bad
5,"Apr, 2023",very good genuine productbest under k range gaming editing etc main work editing grab offer integrated graphic help editing rendring
5,"Dec, 2022",got genuine product shown
5,"Dec, 2022",awesome original product delivery thank
5,"Dec, 2022",good product
5,7 months ago,genuine processor recieved packaging wa average delivery guy opened sealed box front verify took otp delivery good experiencethe processor very good medium usage p gaming upgrade th gen see very good improvement overall system performanceone thing note might want upgrade cooler use heavy workload use case stock cooler seems sufficient review
5,7 months ago,packing good thanks seller flipkart
5,8 months ago,very good upgradenote graphic card necessary
5,"Jan, 2023",received original product mentioned
5,"Dec, 2022",amazingi use everything gaming editing business many us
4,"Mar, 2023",very good working prosessorbut without grafix card not screen show
5,19 days ago,excellence processor price tag k motherboards costly working great asus hm e motherboard
5,28 days ago,value money product powerfull cpu
5,8 months ago,work great rtx
5,8 months ago,great purchase satisfied open box one day delivery recommend looking buy
5,9 months ago,great purchase got good deal considering market value waiting amd ryzen series processor sale
4,"Mar, 2023",good processorpackaging better utilized no issue
5,"Mar, 2023",exilent work
5,"Jan, 2023",fantastic processor
5,"Jan, 2023",very nice product service
5,"Dec, 2022",best seal good product love thanx seller
5,"Oct, 2022",best gaming processor under k simply brilliant
5,9 months ago,capable perform heavy task
3,"Jan, 2023",product good working fine good packaging delivery time dont know oem retail cputhe seller doe not mention type cpu
3,2 months ago,go
5,1 day ago,best every thing editing gaming streaming
4,8 days ago,good
5,10 days ago,every thing great intel sticker missing
1,18 days ago,important note without graphic card no sinal cpu using processor asus hmotherboard combination not working without gpuyou buy separate gpu
4,23 days ago,good
5,1 month ago,working fine fast deliveryits good cpu
5,1 month ago,fully trusted product
5,1 month ago,good product
5,1 month ago,work like charmupgraded core processor core threaded pc doe thing pretty darn fast
5,1 month ago,gud
4,1 month ago,very good packaging product safe thank flipkart
5,1 month ago,product awesome thanks flipkart give product delivery product great
5,1 month ago,great prr
5,1 month ago,very happy intel pr
5,1 month ago,fantastic processori love
1,1 month ago,very bad
3,2 months ago,value money
5,2 months ago,good
5,2 months ago,very good price
4,2 months ago,original
5,2 months ago,super
4,2 months ago,good product
5,3 months ago,nice product offer
5,3 months ago,good
5,4 months ago,love intel
5,4 months ago,excellent product
5,4 months ago,great performance processor nicely packed delivered
5,4 months ago,very good product game work flawlessly processor
4,5 months ago,good processor ideal
5,5 months ago,excellent flawless packaging shipping very good service immensely happy product
5,5 months ago,great
5,5 months ago,good product
5,6 months ago,got th gen processor under k bbd sale paired msi pro hm e ddr performing like beast day day task casual mid casual gaming one thing take note stock intel cooler doesnt perform good better go another third party cpu cooler using deep cool ag cpu temp never go above degree great product
5,6 months ago,best cpu budget love product time delivery delivery boy behaviour goodthanks flipkart
3,7 months ago,superb
5,7 months ago,good balanced cpu gaming
5,7 months ago,thnks flipkart
5,7 months ago,sealed package working well
5,7 months ago,best budget cpu got open delivery good condition product
5,7 months ago,great cpu work okish cpu cooler involved
5,7 months ago,good
5,7 months ago,great purchase
5,7 months ago,good
5,8 months ago,intel processor f
5,9 months ago,nice
5,9 months ago,impressive
5,9 months ago,superb quality
4,9 months ago,good
5,9 months ago,value money processor great performance
5,10 months ago,good quality work great
3,10 months ago,nice product
5,11 months ago,good processor
5,11 months ago,perfect thanks
4,11 months ago,good described
5,11 months ago,great
5,11 months ago,high performance
5,"May, 2023",super
5,"May, 2023",nice
5,"Apr, 2023",excellent
4,"Mar, 2023",packaging wa bad product good thanks flipkart amazing deal loved
5,"Mar, 2023",super
5,"Feb, 2023",building pc game need dont overexpand high end cpu
5,"Feb, 2023",very good
4,"Feb, 2023",nice product
5,"Feb, 2023",overall good deal
4,"Jan, 2023",best gaming processor budget
5,"Jan, 2023",very good
5,"Jan, 2023",good processor
5,"Jan, 2023",super
